TreatmentName,Vcmax,Jmax,Vcmax_rank,Jmax_rank,Correction
Wet,51.0151934696714,149.22077106029803,2,2,TRUE
Dry,57.3727126904805,167.90324730351566,1,1,TRUE
Deep,42.699890681891986,113.28141280284748,3,3,TRUE
Wet,84.22891382316782,183.04844602883904,1,2,FALSE
Dry,79.56602698059625,193.53427911522812,2,1,FALSE
Deep,47.46680201846353,116.90638132900045,3,3,FALSE
