%IncMSE,IncNodePurity
111.15655053033116,1.5282914580338498
203.43480801401947,4.236268187639388
170.13063226072214,5.3290259265251185
