%IncMSE,IncNodePurity
99.99207102579405,65.55152846471249
190.58323509457955,174.1630981917084
158.69425884324565,222.1966478255944
