%IncMSE,IncNodePurity
108.88450700603109,1.5353490115788486
204.75843756836233,4.257000336683988
168.1181675280103,5.333609528324976
