%IncMSE,IncNodePurity
123.8902351103847,0.2782963697918495
221.7391005653715,0.8178241785747383
187.48452682405278,0.970162137922834
