%IncMSE,IncNodePurity
123.68593117599615,0.278075388920984
219.72830106832166,0.8191717102318041
184.8125253781241,0.9610459462592394
