%IncMSE,IncNodePurity
99.90599065029521,65.58868970913929
189.11881214551775,173.70260881932575
158.13698918370739,221.52159006226663
