%IncMSE,IncNodePurity
125.66641313496751,0.27637638605381537
219.76928004154865,0.8196608242553132
183.25301666839152,0.9582310475358777
