%IncMSE,IncNodePurity
110.26081036170586,1.53811119937823
203.69750820151563,4.241689856065636
169.23200124344717,5.35255831936327
