%IncMSE,IncNodePurity
100.61630133631135,65.53268089315276
188.78589894328385,173.82532489300476
158.900093712427,223.01266395550533
