Population,Treatment Name,emmean,SE,df,lower.CL,upper.CL
Sagwon,Wet,179.70354045509373,25.33752376868402,45,128.67114796673826,230.7359329434492
Toolik,Wet,191.70591845810335,25.337523768684022,45,140.67352596974786,242.73831094645885
Coldfoot,Wet,103.44197716716467,25.337523768684036,45,52.409584678809146,154.47436965552018
Sagwon,Dry,133.56266036086478,25.337523768684008,45,82.53026787250931,184.59505284922025
Toolik,Dry,105.60249463258427,25.337523768684,45,54.57010214422882,156.6348871209397
Coldfoot,Dry,79.26396573317135,25.33752376868402,45,28.231573244815863,130.29635822152682
Sagwon,Deep,58.06068215001302,25.337523768684026,45,7.028289661657524,109.09307463836852
Toolik,Deep,79.57791738204581,25.337523768684015,45,28.545524893690335,130.6103098704013
Coldfoot,Deep,35.24076899680581,25.337523768684,45,-15.791623491549636,86.27316148516127
