Population,emmean,SE,df,lower.CL,upper.CL,.group
Coldfoot,25.147500000000008,1.1249856759624939,51,22.370260432803747,27.92473956719627, a
Toolik,28.356111111111115,1.1249856759624937,51,25.578871543914854,31.133350678307377, a
Sagwon,28.729722222222215,1.1249856759624937,51,25.952482655025953,31.506961789418476, a
