contrast,Treatment Name,estimate,SE,df,t.ratio,p.value
Sagwon - Toolik,Wet,0.30583333333332935,2.2768802567776083,45,0.13432121975802316,0.9901046970220165
Sagwon - Coldfoot,Wet,3.634166666666632,2.2768802567776096,45,1.59611672851428,0.2577687981169733
Toolik - Coldfoot,Wet,3.328333333333303,2.2768802567776074,45,1.4617955087562584,0.31872762199517446
Sagwon - Toolik,Dry,2.2708333333333446,2.276880256777606,45,0.997344206650191,0.5823431920775317
Sagwon - Coldfoot,Dry,3.1799999999999913,2.276880256777607,45,1.396647887184256,0.3511948891021578
Toolik - Coldfoot,Dry,0.909166666666647,2.2768802567776065,45,0.3993036805340658,0.9160321064172898
Sagwon - Toolik,Deep,-1.4558333333333695,2.276880256777607,45,-0.6393982858781349,0.7992511363019265
Sagwon - Coldfoot,Deep,3.9324999999999948,2.276880256777605,45,1.7271439674063205,0.20633610438442773
Toolik - Coldfoot,Deep,5.388333333333365,2.2768802567776065,45,2.3665422532844547,0.056932027085164205
