%IncMSE,IncNodePurity
61.154068410121646,0.8569342943328313
92.97532643365305,1.395225265343385
206.82929589431643,10.252395080924533
