%IncMSE,IncNodePurity
91.97631878472616,6926.163397619365
132.3656155974907,10139.762608068868
165.01167260348274,19122.322603216217
