%IncMSE,IncNodePurity
135.05827758169718,664.7502399616959
131.45677100692993,626.5954383596572
176.2537803866877,1500.196069411224
