Comparison,NDVI_estimate,NDVI_SE,NDVI_p_value,NDVI_significant,LAI_estimate,LAI_SE,LAI_p_value,LAI_significant
Sagwon - Toolik,0.37361111111110074,1.5909700004216232,0.9700749799593206,No,-1.85314916892068,24.444411988614494,0.9968366151208168,No
Sagwon - Coldfoot,3.5822222222222058,1.5909700004216232,0.0721864201352217,No,51.12672368960983,24.444411988614494,0.1016527928493991,No
Toolik - Coldfoot,3.208611111111105,1.5909700004216218,0.11845856109300335,No,52.97987285853051,24.444411988614476,0.08665268985627628,No
