Population,Treatment Name,mean_gwc,se_gwc
Sagwon,Wet,427.8404176959755,12.943871395976025
Sagwon,Dry,312.1437503795384,19.50366290024528
Sagwon,Deep,204.0415682155894,12.265255561565382
Toolik,Wet,462.65263560042575,12.063188458657969
Toolik,Dry,369.587934987162,16.266911967888657
Toolik,Deep,197.00736397040419,10.488964601548844
Coldfoot,Wet,479.50436871511295,7.833165536273502
Coldfoot,Dry,366.6583750569979,15.84449014537103
Coldfoot,Deep,219.49417227921595,13.237989011381442
