Treatment Name,mean_gwc,se_gwc
Wet,456.6658073371714,6.681253392229319
Dry,348.82754391620364,10.197711113664289
Deep,206.8477014884032,6.952852286476347
