Treatment Name,mean_ndvi_auc,se_ndvi_auc,n
Wet,30.548333333333336,0.9870515445679479,18
Dry,27.96138888888889,0.9622914684173447,18
Deep,23.723611111111122,0.9778011384055814,18
